1,Sophisticated Spinners,Enchanting Elephants
1,Sophisticated Gamers,Polished Outliers
1,Bewitching Dragons,Sophisticated Performers
1,Shocking Gamers,Wonderful Squad
1,Sophisticated Diamonds,Inspiring Crocodiles
2,Sophisticated Spinners,Sophisticated Gamers
2,Bewitching Dragons,Enchanting Elephants
2,Shocking Gamers,Polished Outliers
2,Inspiring Crocodiles,Sophisticated Performers
2,Wonderful Squad,Sophisticated Diamonds
3,Bewitching Dragons,Sophisticated Spinners
3,Sophisticated Gamers,Shocking Gamers
3,Inspiring Crocodiles,Enchanting Elephants
3,Polished Outliers,Sophisticated Diamonds
3,Sophisticated Performers,Wonderful Squad
4,Sophisticated Spinners,Shocking Gamers
4,Bewitching Dragons,Inspiring Crocodiles
4,Sophisticated Gamers,Sophisticated Diamonds
4,Wonderful Squad,Enchanting Elephants
4,Sophisticated Performers,Polished Outliers
5,Sophisticated Spinners,Inspiring Crocodiles
5,Sophisticated Diamonds,Shocking Gamers
5,Wonderful Squad,Bewitching Dragons
5,Sophisticated Performers,Sophisticated Gamers
5,Enchanting Elephants,Polished Outliers
6,Sophisticated Spinners,Sophisticated Diamonds
6,Inspiring Crocodiles,Wonderful Squad
6,Shocking Gamers,Sophisticated Performers
6,Bewitching Dragons,Polished Outliers
6,Sophisticated Gamers,Enchanting Elephants
7,Sophisticated Spinners,Wonderful Squad
7,Sophisticated Performers,Sophisticated Diamonds
7,Inspiring Crocodiles,Polished Outliers
7,Enchanting Elephants,Shocking Gamers
7,Bewitching Dragons,Sophisticated Gamers
8,Sophisticated Spinners,Sophisticated Performers
8,Polished Outliers,Wonderful Squad
8,Sophisticated Diamonds,Enchanting Elephants
8,Sophisticated Gamers,Inspiring Crocodiles
8,Shocking Gamers,Bewitching Dragons
9,Sophisticated Spinners,Polished Outliers
9,Enchanting Elephants,Sophisticated Performers
9,Sophisticated Gamers,Wonderful Squad
9,Bewitching Dragons,Sophisticated Diamonds
9,Inspiring Crocodiles,Shocking Gamers
10,Sophisticated Spinners,Shocking Gamers
10,Bewitching Dragons,Inspiring Crocodiles
10,Sophisticated Gamers,Sophisticated Diamonds
10,Wonderful Squad,Enchanting Elephants
10,Sophisticated Performers,Polished Outliers
11,Sophisticated Spinners,Sophisticated Gamers
11,Bewitching Dragons,Enchanting Elephants
11,Shocking Gamers,Polished Outliers
11,Inspiring Crocodiles,Sophisticated Performers
11,Wonderful Squad,Sophisticated Diamonds
12,Sophisticated Spinners,Inspiring Crocodiles
12,Sophisticated Diamonds,Shocking Gamers
12,Wonderful Squad,Bewitching Dragons
12,Sophisticated Performers,Sophisticated Gamers
12,Enchanting Elephants,Polished Outliers
13,Sophisticated Spinners,Enchanting Elephants
13,Sophisticated Gamers,Polished Outliers
13,Bewitching Dragons,Sophisticated Performers
13,Shocking Gamers,Wonderful Squad
13,Sophisticated Diamonds,Inspiring Crocodiles
14,Sophisticated Spinners,Wonderful Squad
14,Sophisticated Performers,Sophisticated Diamonds
14,Inspiring Crocodiles,Polished Outliers
14,Enchanting Elephants,Shocking Gamers
14,Bewitching Dragons,Sophisticated Gamers
15,Sophisticated Spinners,Polished Outliers
15,Enchanting Elephants,Sophisticated Performers
15,Sophisticated Gamers,Wonderful Squad
15,Bewitching Dragons,Sophisticated Diamonds
15,Inspiring Crocodiles,Shocking Gamers
16,Sophisticated Spinners,Sophisticated Diamonds
16,Inspiring Crocodiles,Wonderful Squad
16,Shocking Gamers,Sophisticated Performers
16,Bewitching Dragons,Polished Outliers
16,Sophisticated Gamers,Enchanting Elephants
17,Bewitching Dragons,Sophisticated Spinners
17,Sophisticated Gamers,Shocking Gamers
17,Inspiring Crocodiles,Enchanting Elephants
17,Polished Outliers,Sophisticated Diamonds
17,Sophisticated Performers,Wonderful Squad
18,Sophisticated Spinners,Sophisticated Performers
18,Polished Outliers,Wonderful Squad
18,Sophisticated Diamonds,Enchanting Elephants
18,Sophisticated Gamers,Inspiring Crocodiles
18,Shocking Gamers,Bewitching Dragons
