1,Copacetic Renegades,Brilliant Lads
1,Incomparable Squad,Splendid Crocodiles
1,Stylish Zebras,Shocking Performers
1,Sensational Performers,Astonishing Bears
1,Impressive Rockers,Distinctive Hustlers
1,Splendid Lads,Distinctive Dragons
2,Splendid Crocodiles,Copacetic Renegades
2,Stylish Zebras,Brilliant Lads
2,Incomparable Squad,Astonishing Bears
2,Impressive Rockers,Shocking Performers
2,Splendid Lads,Sensational Performers
2,Distinctive Dragons,Distinctive Hustlers
3,Stylish Zebras,Copacetic Renegades
3,Splendid Crocodiles,Astonishing Bears
3,Impressive Rockers,Brilliant Lads
3,Splendid Lads,Incomparable Squad
3,Distinctive Dragons,Shocking Performers
3,Sensational Performers,Distinctive Hustlers
4,Astonishing Bears,Copacetic Renegades
4,Stylish Zebras,Impressive Rockers
4,Splendid Lads,Splendid Crocodiles
4,Distinctive Dragons,Brilliant Lads
4,Distinctive Hustlers,Incomparable Squad
4,Shocking Performers,Sensational Performers
5,Copacetic Renegades,Impressive Rockers
5,Astonishing Bears,Splendid Lads
5,Distinctive Dragons,Stylish Zebras
5,Distinctive Hustlers,Splendid Crocodiles
5,Brilliant Lads,Sensational Performers
5,Incomparable Squad,Shocking Performers
6,Splendid Lads,Copacetic Renegades
6,Distinctive Dragons,Impressive Rockers
6,Astonishing Bears,Distinctive Hustlers
6,Sensational Performers,Stylish Zebras
6,Shocking Performers,Splendid Crocodiles
6,Incomparable Squad,Brilliant Lads
7,Copacetic Renegades,Distinctive Dragons
7,Splendid Lads,Distinctive Hustlers
7,Impressive Rockers,Sensational Performers
7,Astonishing Bears,Shocking Performers
7,Stylish Zebras,Incomparable Squad
7,Brilliant Lads,Splendid Crocodiles
8,Distinctive Hustlers,Copacetic Renegades
8,Sensational Performers,Distinctive Dragons
8,Shocking Performers,Splendid Lads
8,Impressive Rockers,Incomparable Squad
8,Brilliant Lads,Astonishing Bears
8,Splendid Crocodiles,Stylish Zebras
9,Sensational Performers,Copacetic Renegades
9,Shocking Performers,Distinctive Hustlers
9,Incomparable Squad,Distinctive Dragons
9,Brilliant Lads,Splendid Lads
9,Impressive Rockers,Splendid Crocodiles
9,Astonishing Bears,Stylish Zebras
10,Copacetic Renegades,Shocking Performers
10,Incomparable Squad,Sensational Performers
10,Brilliant Lads,Distinctive Hustlers
10,Distinctive Dragons,Splendid Crocodiles
10,Splendid Lads,Stylish Zebras
10,Astonishing Bears,Impressive Rockers
11,Incomparable Squad,Copacetic Renegades
11,Brilliant Lads,Shocking Performers
11,Sensational Performers,Splendid Crocodiles
11,Stylish Zebras,Distinctive Hustlers
11,Astonishing Bears,Distinctive Dragons
11,Splendid Lads,Impressive Rockers
12,Sensational Performers,Copacetic Renegades
12,Shocking Performers,Distinctive Hustlers
12,Incomparable Squad,Distinctive Dragons
12,Brilliant Lads,Splendid Lads
12,Impressive Rockers,Splendid Crocodiles
12,Astonishing Bears,Stylish Zebras
13,Copacetic Renegades,Distinctive Dragons
13,Splendid Lads,Distinctive Hustlers
13,Impressive Rockers,Sensational Performers
13,Astonishing Bears,Shocking Performers
13,Stylish Zebras,Incomparable Squad
13,Brilliant Lads,Splendid Crocodiles
14,Stylish Zebras,Copacetic Renegades
14,Splendid Crocodiles,Astonishing Bears
14,Impressive Rockers,Brilliant Lads
14,Splendid Lads,Incomparable Squad
14,Distinctive Dragons,Shocking Performers
14,Sensational Performers,Distinctive Hustlers
15,Distinctive Hustlers,Copacetic Renegades
15,Sensational Performers,Distinctive Dragons
15,Shocking Performers,Splendid Lads
15,Impressive Rockers,Incomparable Squad
15,Brilliant Lads,Astonishing Bears
15,Splendid Crocodiles,Stylish Zebras
16,Copacetic Renegades,Impressive Rockers
16,Astonishing Bears,Splendid Lads
16,Distinctive Dragons,Stylish Zebras
16,Distinctive Hustlers,Splendid Crocodiles
16,Brilliant Lads,Sensational Performers
16,Incomparable Squad,Shocking Performers
17,Copacetic Renegades,Brilliant Lads
17,Incomparable Squad,Splendid Crocodiles
17,Stylish Zebras,Shocking Performers
17,Sensational Performers,Astonishing Bears
17,Impressive Rockers,Distinctive Hustlers
17,Splendid Lads,Distinctive Dragons
18,Splendid Crocodiles,Copacetic Renegades
18,Stylish Zebras,Brilliant Lads
18,Incomparable Squad,Astonishing Bears
18,Impressive Rockers,Shocking Performers
18,Splendid Lads,Sensational Performers
18,Distinctive Dragons,Distinctive Hustlers
19,Astonishing Bears,Copacetic Renegades
19,Stylish Zebras,Impressive Rockers
19,Splendid Lads,Splendid Crocodiles
19,Distinctive Dragons,Brilliant Lads
19,Distinctive Hustlers,Incomparable Squad
19,Shocking Performers,Sensational Performers
20,Incomparable Squad,Copacetic Renegades
20,Brilliant Lads,Shocking Performers
20,Sensational Performers,Splendid Crocodiles
20,Stylish Zebras,Distinctive Hustlers
20,Astonishing Bears,Distinctive Dragons
20,Splendid Lads,Impressive Rockers
21,Copacetic Renegades,Shocking Performers
21,Incomparable Squad,Sensational Performers
21,Brilliant Lads,Distinctive Hustlers
21,Distinctive Dragons,Splendid Crocodiles
21,Splendid Lads,Stylish Zebras
21,Astonishing Bears,Impressive Rockers
22,Splendid Lads,Copacetic Renegades
22,Distinctive Dragons,Impressive Rockers
22,Astonishing Bears,Distinctive Hustlers
22,Sensational Performers,Stylish Zebras
22,Shocking Performers,Splendid Crocodiles
22,Incomparable Squad,Brilliant Lads
